time,AdrActCnt,CapMrktCurUSD,IssTotNtv,IssTotUSD,NVTAdj,NVTAdj90,PriceBTC,PriceUSD,ROI1yr,ROI30d,SplyCur,TxCnt,TxTfrCnt,TxTfrValAdjNtv,TxTfrValAdjUSD,TxTfrValMeanNtv,TxTfrValMeanUSD,TxTfrValMedNtv,TxTfrValMedUSD,TxTfrValNtv,TxTfrValUSD,VtyDayRet180d,VtyDayRet30d,VtyDayRet60d
2020-09-14T00:00:00.000Z,6.0,,1000000000.0,,,,,,,,,5.0,5.0,16.0,,3.2,,2.0,,16.0,,,,
2020-09-15T00:00:00.000Z,6.0,,0.0,,,,,,,,,6.0,6.0,10.001,,2.00016667,,2.0,,12.001,,,,
2020-09-16T00:00:00.000Z,53.0,,0.0,,,,,,,,,14.0,96.0,1400008793.1146598,,14583424.928277706,,79999.0,,1400008793.114659776,,,,
2020-09-17T00:00:00.000Z,178334.0,,0.0,,,,,,,,,294007.0,294514.0,209709609.48381758,,881.49489192291718301,,400.0,,259612586.599786031236893986,,,,
2020-09-18T00:00:00.000Z,86131.0,6995452038.240668,0.0,0.0,6.858446750012,,0.0006406025412196847,6.995452038240668,,,1000000000.0,128553.0,130510.0,145805608.24478257,1019976139.38288457629843299155676,1411.313063969090858407,9872.772849938258906929730742177095876,400.0,2798.1808152962672,184190467.9786060479307176,1288495584.6454421699435392780658587433568,,,
2020-09-19T00:00:00.000Z,41214.0,5678053001.4679185,0.0,0.0,15.597391833523,,0.0005127475201176194,5.6780530014679185,,,1000000000.0,61458.0,63757.0,64113283.21256286,364038620.17905525943504045460691,1214.839820575300107719,6897.9248895203303496933547781727129015,400.0,2271.2212005871674,77454542.440419408967824315,439790997.1811477021053085534416302167383275,,,
2020-09-20T00:00:00.000Z,22758.0,5254967485.356773,0.0,0.0,25.550380631953,,0.0004811704552847579,5.254967485356773,,,1000000000.0,34982.0,36970.0,39138360.183543004,205670810.194700628296988128166092,1336.538335239682833399,7023.465494617403762702884395035261427,398.0,2091.477059171995654,49411822.253811074350771655,259657519.336005417107181470113985530669315,,,
2020-09-21T00:00:00.000Z,18384.0,4345573356.501231,0.0,0.0,26.521492914119,,0.0004156303618012309,4.345573356501231,,,1000000000.0,28235.0,29734.0,37705268.07213225,163851008.33399444092939391979975,1558.09817074199645732,6770.82989758972565939536479221896092,400.0,1738.2293426004924,46328491.008842522661959311,201323856.174932902756489723114094243411841,,,
2020-09-22T00:00:00.000Z,14669.0,3918920404.6296315,0.0,0.0,28.331281548584,,0.0003725266464147016,3.9189204046296315,,,1000000000.0,23274.0,26013.0,35296673.68859185,138324854.733776440592666019403275,1666.187547345795619821,6529.6563772332386628469980424853259615,347.21443037069264,1360.70571596156181312457132296216,43342536.669106181458394359,169855951.3409682373366024592545220638487085,,,
2020-09-23T00:00:00.000Z,15469.0,4352970884.9262105,0.0,0.0,26.670536949976,,0.0004253731512196606,4.3529708849262105,,,1000000000.0,25785.0,28609.0,37494558.20389534,163212720.20472760390458956480907,1711.201277534096153026,7448.809339354456462244080459926287973,400.0,1741.1883539704842,48955757.348972956841925192,213102986.389591644928359868125147681044916,,,
2020-09-24T00:00:00.000Z,15785.0,5148096335.730243,0.0,0.0,32.946689875248,,0.00047938130753678886,5.148096335730243,,,1000000000.0,23008.0,25094.0,30352062.79557914,156255343.25977520622848399793102,1489.1767879303221923,7666.4255651986248386973974891717289,400.0,2059.2385342920972,37369402.316323505093573669,192381283.133094291702259462761449631771567,,,
2020-09-25T00:00:00.000Z,10538.0,4930314651.740571,0.0,0.0,51.451361276506,,0.00046148307118257627,4.930314651740571,,,1000000000.0,16770.0,18622.0,19435831.729035825,95824765.942429603440775864956075,1320.822788954962186629,6512.071948737494101527120302993025159,181.19451937362447,893.34599368287147382015441737237,24596361.975919305839407461,121267803.829389615158648994371806933800231,,,
2020-09-26T00:00:00.000Z,11522.0,4872415565.120273,0.0,0.0,39.47637090755,,0.00045358422705151267,4.872415565120273,,,1000000000.0,16872.0,20180.0,25331609.18823811,123426126.89831509072207911220403,1426.462847543879048484,6950.319781438583262373476218258316132,90.0,438.51740086082457,28786020.263435479198402203,140257453.189430610234672792417119123161419,,,
2020-09-27T00:00:00.000Z,9037.0,4832717206.035997,0.0,0.0,86.553472309709,,0.000449186367933482,4.832717206035997,,,1000000000.0,13639.0,15940.0,11553551.501917286,55835047.134138703234437432544142,950.509101569461760677,4593.541689648554931111988023461089969,100.0,483.2717206035997,15151115.079017220465192264,73221054.532997965601929361215979909927208,,,
2020-09-28T00:00:00.000Z,8429.0,4261445042.908272,0.0,0.0,46.022789404966,,0.0003972495621164514,4.261445042908272,,,1000000000.0,12746.0,14497.0,21728365.727699805,92594236.42080432227784616728696,1725.302531933573625733,7352.281922225417982006227249977763376,140.0,596.60230600715808,25011710.805441016852248097,106586031.026501884485130622773010157558384,,,
2020-09-29T00:00:00.000Z,7653.0,4325658376.168386,0.0,0.0,63.903659491662,,0.00039900391297514437,4.325658376168386,,,1000000000.0,10859.0,11937.0,15648556.091384422,67690307.731637844226222529282892,1597.583532191652260931,6910.600587653496940427141265665127366,163.49188113608605,707.2100250718367619362357856153,19070354.623771753038736491,82491839.214819792977892385158179298773526,,,
2020-09-30T00:00:00.000Z,7181.0,4164279396.0559334,0.0,0.0,76.778303173273,,0.00038657105581057214,4.1642793960559334,,,1000000000.0,10325.0,11476.0,13024512.898431772,54237710.7066041741411228556759848,1493.791898512807822448,6220.5668249721615169041089664641129632,174.40838609159408,726.285248700593450162191248314272,17142755.827332982570414005,71387224.883380525567994706858644974707267,,,
2020-10-01T00:00:00.000Z,7308.0,4238178463.229745,0.0,0.0,54.40371213335,,0.00039957870924803095,4.238178463229745,,,1000000000.0,11768.0,13189.0,18381098.65644623,77902376.45625161361436972911135,1767.00147526846392633,7488.86759697799070959977787554468585,218.0,923.92290498408441,23304982.45731577072436187,98770674.73654271946889239859747432782315,,,
2020-10-02T00:00:00.000Z,6762.0,3895634816.6929597,0.0,0.0,33.529521387585,,0.0003685521162648563,3.8956348166929597,,,1000000000.0,10284.0,11381.0,29824463.893787615,116185219.9338411106561037375541155,3062.097085378762123594,11928.8120178955401533098228362410611618,175.1527386518482,682.33110693126253989729433311754,34849726.92869569172862266,135761809.575669142484816545954089399886802,,,
2020-10-03T00:00:00.000Z,5554.0,3912896899.001953,0.0,0.0,44.319745238228,,0.0003706902322619309,3.912896899001953,,,1000000000.0,8354.0,9345.0,22563306.59449399,88287892.40482585008291605676247,2663.536146691821431113,10422.142328770039072558288945841963689,111.51429968619512,436.34395743648734558422001906936,24890745.29083507127375065,97394920.06235601513305589937843198501945,,,
2020-10-04T00:00:00.000Z,5662.0,3728490906.0151943,0.0,0.0,65.176667537826,,0.00034958037015964143,3.7284909060151943,,,1000000000.0,8677.0,9615.0,15342913.925748674,57205915.0439278150876206470773582,2054.079989809379514578,7658.6185622320545011959280828263525054,148.64184907802897,554.209782540714007896993115578871,19749979.102017184032672238,73637617.4758612040290166259610152597858434,,,
2020-10-05T00:00:00.000Z,6600.0,3306447794.5168287,0.0,0.0,63.501923194732,,0.0003069302552703444,3.3064477945168287,,,1000000000.0,10846.0,12158.0,15747554.557260387,52068467.0348870414297442393747069,1959.099693124625655209,6477.6608595705144123096018743143156983,200.0,661.28955890336574,23818734.069009198716025013,78755400.7306583142248402711431161986362731,,,
2020-10-06T00:00:00.000Z,7245.0,2703810043.7568073,0.0,0.0,31.179115197041,,0.00025516371531781224,2.7038100437568073,,,1000000000.0,11863.0,12934.0,32072751.06045722,86718626.448176023741497225433706,3483.605085156176155165,9419.0064177275570705755690764098047045,275.3570049443143,744.51303558722985153650805573439,45056948.171409982390897953,121825429.0068882231508077630758450033854569,,,
2020-10-07T00:00:00.000Z,6617.0,2964421068.331205,0.0,0.0,39.670132046415,,0.00027790072616989194,2.964421068331205,,,1000000000.0,11529.0,13259.0,25207881.8096694,74726775.924586911969690753627,2646.564798063214538289,7845.532446082314267050331243806008245,344.137997903978,1020.16993139987244980429103349,35090802.657520161563176021,104023914.702605404866826774755342142035305,,,
2020-10-08T00:00:00.000Z,6056.0,3311910206.7236463,0.0,0.0,53.0726692263,,0.0003037744817041272,3.3119102067236463,,,1000000000.0,10528.0,11892.0,18842089.809653863,62403309.5565962347720495002406569,2134.175026567564704802,7068.1960534238265559271409078525595326,200.0,662.38204134472926,25379609.415941479469499794,84054987.4673161454030670460981270527788622,,,
2020-10-09T00:00:00.000Z,5361.0,3419839392.1712453,0.0,0.0,53.315061463513,,0.0003088141027987765,3.4198393921712453,,,1000000000.0,9212.0,10453.0,18756425.90573325,64143964.168767796775339062116225,2358.021260819817001416,8064.0539953289164538892243874245833448,200.0,683.96787843424906,24648396.23934954711579628,84293556.413173163692486388791770428707484,,,
2020-10-10T00:00:00.000Z,4916.0,3303337545.043127,0.0,0.0,111.957469618363,,0.0002922569345166143,3.303337545043127,,,1000000000.0,7952.0,9207.0,8931963.212537453,29505289.430918991991039987735531,1339.162465329792331152,4423.705650636417874189752655705592304,151.74702,501.27162851441029373154,12329668.818291397992913926,40729057.925409499367656668830392068886602,,,
2020-10-11T00:00:00.000Z,4373.0,3359470111.0464134,0.0,0.0,135.465857955095,,0.0002952533484477661,3.3594701110464134,,,1000000000.0,7183.0,8534.0,7381933.832593346,24799386.0723196441522270940052364,1176.626488954999162467,3952.8415215098025462203834819642458578,127.38908607447476,427.959827140716836851507386825784,10041330.456741962852490718,33733549.5445646549294358164445874906908212,,,
2020-10-12T00:00:00.000Z,5364.0,3443647977.8938467,0.0,0.0,77.30273181261,,0.0002981926079543315,3.4436479778938467,,,1000000000.0,8191.0,9486.0,12936153.439235648,44547558.6327483697238385304871616,1770.47546113488322972,6096.894241647816406522897906210563924,106.33535964826405,366.181546231359437659240831821135,16794730.224325502317120623,57835138.7762711864322648558309302933704941,,,
2020-10-13T00:00:00.000Z,5361.0,3351448110.5313947,0.0,0.0,95.520783980995,,0.00029308764838526137,3.3514481105313947,,,1000000000.0,7300.0,8400.0,10468925.801519435,35086061.5967956772446385297059945,1466.313326801065500384,4914.2730285544344476496152354969055648,163.77921623633597,548.897544799580907459659581877359,12317031.945128950203226643,41279893.4398572493602602635385532909889921,,,
2020-10-14T00:00:00.000Z,5265.0,3105061725.259668,0.0,0.0,73.371801140405,,0.0002719656934383083,3.105061725259668,,,1000000000.0,8574.0,9990.0,13629214.282015359,42319551.612448317907216639240812,1946.042094658153040836,6042.580823867182824927918885907802448,175.59019109890298,545.21838171223448642871043901064,19440960.525634948877948491,60365382.430433156421020131830846103760988,,,
2020-10-15T00:00:00.000Z,4924.0,3082208809.617296,0.0,0.0,59.969102618381,,0.000267958012689866,3.082208809617296,,,1000000000.0,7611.0,8676.0,16675253.694616646,51396613.840150789583906691109216,2589.167329271665153888,7980.354351854412527102016012226446848,182.84591276814888,563.56928313650410312761115102848,22463615.748760966875135143,69237554.356688883085145890628228110233328,,,
2020-10-16T00:00:00.000Z,5399.0,3051883772.0588623,0.0,0.0,57.329389364083,,0.00026914959198179626,3.0518837720588623,,,1000000000.0,8663.0,9968.0,17443060.37605376,53234192.896721426196356109237248,2405.177391525339416647,7340.3218501190479656301079388285007081,200.04287765539047,610.507612032442567593867730462281,23974808.238724583305134,73168328.2019866701213908569253297890482,,,
2020-10-17T00:00:00.000Z,4665.0,3062799208.805781,0.0,0.0,39.100402471254,,0.00026954611637182,3.062799208805781,,,1000000000.0,7116.0,8077.0,25575184.31517879,78331654.28559161798306740058499,3550.773350488545650792,10875.305808524969733447592975776828552,121.45546264531228,371.99369489520254024247661429068,28679596.351895983221444248,87839845.015456180537047828646714151597688,,,
2020-10-18T00:00:00.000Z,4600.0,3268414972.0784648,0.0,0.0,45.869817371994,,0.0002844666962360162,3.2684149720784648,,-53.278001847319366,1000000000.0,7587.0,8727.0,21800828.023582976,71254152.7159863654534215054952448,2792.774533798620444197,9127.9460999068655879983673109138287656,114.21202887141165,373.29230515477972363821334083492,24372543.35646056061650572,79659585.613887215986456852168301838018656,,0.09007261284739758,
2020-10-19T00:00:00.000Z,4284.0,3162642610.813493,0.0,0.0,35.181544303257,,0.00026925704408919796,3.162642610813493,,-44.30057961776914,1000000000.0,8558.0,13966.0,28423993.88100242,89894934.21756024305935450165306,2975.224199665959551858,9409.570830587035505101475903099619994,5.0,15.813213054067465,41551981.172534791101249929,131414066.219978537864250694532203798491997,,0.08319322434292803,
2020-10-20T00:00:00.000Z,4622.0,2854528116.023392,0.0,0.0,60.368169444995,,0.00023928398887121033,2.854528116023392,,-45.67943333659674,1000000000.0,7588.0,9774.0,16565021.089651592,47285318.442930914981489802040064,2091.67289889902978444,5970.73909943143437725644541975762048,69.32834760213578,197.89971746773949436669964016576,20444010.913839117113121114,58358003.957842839603317497053751353098688,,0.08391781744497495,
2020-10-21T00:00:00.000Z,5000.0,2933553749.7629662,0.0,0.0,107.88451352994,,0.00022831893932399617,2.9335537497629662,,-32.49328663675188,1000000000.0,7331.0,8378.0,9269170.961432539,27191611.2311044233396332418371818,1558.8842580749235728,4573.07076072215156849915818082963936,140.0,410.697524966815268,13060332.314151709692916034,38313186.8333301858408790064508187793800508,,0.07793250914265505,
2020-10-22T00:00:00.000Z,5456.0,3042516084.4325667,0.0,0.0,111.451907513223,,0.00023408472694824714,3.0425160844325667,,-22.363412106092312,1000000000.0,7673.0,8695.0,8972479.900187962,27298914.4135697850294214441020654,1410.504318275384221297,4291.4820755144488328680704847865130099,140.74245786,428.211191801622720786389262,12264335.047404465804179461,37314436.6465981326017940978531274796525487,,0.0765173810408663,
2020-10-23T00:00:00.000Z,4388.0,3011713459.266346,0.0,0.0,84.129225378301,,0.00023250316940948536,3.011713459266346,,-30.812460297046087,1000000000.0,6194.0,7068.0,11886475.78179081,35798659.09526284487808864508026,2334.481289837823199959,7030.788721010031812202113406197279814,144.81634264117218,436.14532825414511563947626545428,16500113.756573734377311471,49693614.680098904848648329302247590054966,,0.07345539683972711,
2020-10-24T00:00:00.000Z,4476.0,2945757696.552696,0.0,0.0,155.811195542192,,0.00022462921987974398,2.945757696552696,,-42.77967030050054,1000000000.0,6157.0,6962.0,6418024.048401636,18905943.737239411965446046610656,1224.197647777627219582,3606.189643042651821838861856826093072,99.46843925019083,293.00992048533391544095115097768,8522864.023827840702727694,25106292.294862941983635705037867809563024,,0.06511354437320484,
2020-10-25T00:00:00.000Z,4466.0,2779320873.3683543,0.0,0.0,108.271103534775,,0.00021311128449130482,2.7793208733683543,,-43.62792094035706,1000000000.0,6429.0,7261.0,9236074.69908918,25670015.199167899892984845536474,1937.646049645762950834,5385.3401109802034795280392178023924862,140.02517652967512,389.174895926014640807744668055016,14069247.966477884786005141,39102954.5458272574648516113824376665094563,,0.06536484894308493,
2020-10-26T00:00:00.000Z,4479.0,2722340291.3993384,0.0,0.0,114.688624423508,,0.00020811955119466922,2.7223402913993384,,-44.127501954317836,1000000000.0,6702.0,7440.0,8719260.563343436,23736794.3427991290557285423827424,1520.862324430147820618,4140.3047834674437544124380622870791312,174.42237527587497,474.837059935090223376283739119848,11315215.693760299785396743,30803867.5889977815328253349888928917148312,,0.06535080131362267,
2020-10-27T00:00:00.000Z,4247.0,2812043889.6583475,0.0,0.0,110.790749150362,,0.00020562604435197715,2.8120438896583475,,-41.812364146899725,1000000000.0,6512.0,7355.0,9026024.353737598,25381576.631835247333660885299305,1619.419826654571835527,4553.8796283355690383336841759926116325,154.71200564010496,435.0569501170449482197384401536,11910832.82504437585029866,33493784.66640811027693742790799323706435,,0.06600831159480959,
2020-10-28T00:00:00.000Z,3860.0,2672158713.9914513,0.0,0.0,132.867853420944,,0.000201060390919716,2.6721587139914513,,-37.294540065972406,1000000000.0,5621.0,6303.0,7526274.973615,20111401.2546411024642430574495,1543.953499374369649742,4125.6887973508166125351114779632505646,139.46909956535583,372.683569736106914153748262616079,9731538.906556651902323114,26004216.4897021971088069050685980063953482,,0.06314913587922633,
2020-10-29T00:00:00.000Z,3968.0,2540781822.893223,0.0,0.0,135.72508776844,,0.0001885521966878399,2.540781822893223,,-41.26254082173231,1000000000.0,6132.0,7371.0,7367834.616589779,18720060.267914769453931510167717,1432.031070495011846745,3638.478513732049730765111836175109135,99.85895956,253.71982930307743775506188,10555501.020618732322360727,26819225.124718938565478105229480609653121,,0.06318776436316233,
2020-10-30T00:00:00.000Z,5376.0,2398248555.3175317,0.0,0.0,67.740382552161,,0.00017629907775990663,2.3982485553175317,,-42.40903822186,1000000000.0,7659.0,9530.0,14762243.174962597,35403528.3676001406054566058618249,2180.709414670491533475,5229.8832033008464889424789950849236575,100.0,239.82485553175317,20782160.721809784314013255,49840786.9274570670396134429444584876826835,,0.06350765092662722,
2020-10-31T00:00:00.000Z,4417.0,2265179890.56535,0.0,0.0,101.275427546185,,0.00016405747555057977,2.26517989056535,,-46.55298472638766,1000000000.0,6418.0,7585.0,9874063.47451825,22366530.0206445691233113926375,1793.961978640396729807,4063.64659845505261860492827242638745,82.6005773425781,187.105166745495789275035528835,13607201.607987409195588147,30822759.44928157411212302909548958890645,,0.06351207174451835,
2020-11-01T00:00:00.000Z,3765.0,2380214695.042998,0.0,0.0,90.175699554677,,0.0001732716112843122,2.380214695042998,,-38.90046662372773,1000000000.0,5798.0,6828.0,11089462.071693344,26395300.583166465612648750405312,2393.03299616506286592,5695.93230319485691183070406750882816,108.9657294047026,259.3618303851520390576504023948,16339629.297815049248499504,38891825.766214482993974677608598261672992,,0.0636051588518041,
2020-11-02T00:00:00.000Z,3771.0,2260587641.480024,0.0,0.0,140.284456903483,,0.00016627390485967787,2.260587641480024,,-42.2272628226769,1000000000.0,5119.0,5860.0,7128373.463982593,16114312.956533198718607893222232,1600.825813184661822061,3618.807049447456175863791854574009464,121.01200943665741,273.55825300317178221489184657784,9380839.265262118277274757,21206209.309762093190555709899408774954168,,0.06379358172364229,
2020-11-03T00:00:00.000Z,3721.0,2138067194.4443645,0.0,0.0,111.850157659855,,0.00015275274112599332,2.1380671944443645,,-42.65596327471232,1000000000.0,5552.0,6564.0,8940532.771004876,19115459.818540295164159140221302,1778.655032772793313231,3802.8839758048753930723331580512366995,142.8244738465712,305.3683220951309980138074880024,11675091.635120615308046778,24962130.417183202080123574920253484482581,,0.06392865517993014,
2020-11-04T00:00:00.000Z,3936.0,1923605728.4063275,0.0,0.0,65.203267918827,,0.00013614449376495448,1.9236057284063275,,-41.822588833965725,1000000000.0,6173.0,7353.0,15336654.617448283,29501676.6767128704516362412106825,2848.474916068529397772,5479.34266577115608154944501688920233,165.38035298699208,318.1265943716384599569562643862,20944836.057851896661820154,40289606.621415310667638143681097840624435,,0.06318799017457942,
2020-11-05T00:00:00.000Z,5402.0,2208496204.4215537,0.0,0.0,17.148179119513,,0.0001415116072043521,2.2084962044215537,,-18.31910642091706,1000000000.0,10010.0,11602.0,58315229.44976105,128788962.899769288372949934743385,6815.485476298404214615,15051.9738056952507990646834222265473255,321.2203852,709.41400149702942269648524,79073262.496014085697963748,174633000.0936762997707496010657062924352676,,0.05953625886508507,
2020-11-06T00:00:00.000Z,4774.0,2557078720.147156,0.0,0.0,39.240044074664,,0.00016371619354830778,2.557078720147156,,-13.741042139245044,1000000000.0,8223.0,9574.0,25484171.172113076,65165031.804797952766346191811856,3526.902226795672810516,9018.566632178833555939399847624292496,316.22296146,808.60700557128023731660776,33766561.919341771487882638,86343756.936480152464570089212334217477528,,0.06336518844992797,
2020-11-07T00:00:00.000Z,4593.0,2502186992.45629,0.0,0.0,40.884409748812,,0.00016831205583972423,2.50218699245629,,-24.4488275262869,1000000000.0,8725.0,9967.0,24459201.102421634,61201494.84435196116520889537786,3034.704545074464329919,7593.39823863330765456334554274674051,387.0,968.34636608058423,30246900.200757185976298195,75683400.24445817739302166023120454339655,,0.059518812804797316,
2020-11-08T00:00:00.000Z,3608.0,2877140972.2651944,0.0,0.0,103.293413180347,,0.00018562198974163903,2.8771409722651944,,-15.869120086411234,1000000000.0,5779.0,6589.0,9681159.419662401,27854060.4253418255885954906357544,1795.619674238106236027,5166.2509353559366174997542386434386488,182.1485,524.0669123866467621684,11831338.033554881989181414,34040427.4130602663727044737564861795768816,,0.06507969758967924,
2020-11-09T00:00:00.000Z,3143.0,2670113311.665545,0.0,0.0,76.726685723514,,0.0001742914287800517,2.670113311665545,,-19.169225813080352,1000000000.0,4943.0,5621.0,13033275.066819897,34800321.250514452473695615348865,2884.661612666142591964,7702.37337163046564682900590417268038,232.97498843378926,622.0696179021870839720061330467,16214682.924796387509430376,43295040.72193484740082779671029877559492,,0.06609462700115146,
2020-11-10T00:00:00.000Z,3896.0,3076019749.805588,0.0,0.0,37.332097852521,,0.00020079407243659233,3.076019749805588,,-8.437353269159935,1000000000.0,6713.0,7599.0,26786600.74101564,82396112.90952110707562766739632,4010.340993389639970734,12335.888099121493582160339310509661592,331.58695482614155,1019.9680218231047410339526689814,30474581.208767874137606471,93740413.665224229730832742576961900759948,,0.07136111870938441,
2020-11-11T00:00:00.000Z,3767.0,2936974358.4805557,0.0,0.0,88.553087101492,,0.0001866969261185826,2.9369743584805557,,-14.713281458088387,1000000000.0,5933.0,6685.0,11292661.07746069,33166256.023513450931928896105433,2211.979340462586919594,6496.5266044273489215353225516083383858,223.22552689416204,655.607648646465590711463185045628,14787081.890992393557482575,43429280.3505968275404538951875033790669275,,0.07158832431453124,
2020-11-12T00:00:00.000Z,3575.0,2967811852.0835186,0.0,0.0,95.026251311909,,0.0001821881875710443,2.9678118520835186,,-11.446880446764487,1000000000.0,5415.0,6045.0,10523407.86039905,31231494.57240116233127012409733,2465.483836445552816048,7317.0921509234549585017917483183864928,200.0,593.56237041670372,14903849.791313366773013041,44231822.0523322852241518813845304989660626,,0.07152188523993534,
2020-11-13T00:00:00.000Z,5643.0,3869769776.88072,0.0,0.0,48.60467663594,,0.0002369721312076323,3.86976977688072,,24.627789051668582,1000000000.0,9938.0,11164.0,20574151.896745104,79617231.19497734329367805199488,2390.509920934160624206,9250.72304336453436704680674280670832,273.5754896917136,1058.674161704336252209439601792,26687652.757308969208633905,103275072.0561216616737032791792833328116,,0.08546294594440475,
2020-11-14T00:00:00.000Z,5749.0,3835069399.6354277,0.0,0.0,41.893675917148,,0.00023817333336636796,3.8350693996354277,,24.42600863604731,1000000000.0,10338.0,11821.0,23869951.206422415,91542919.4425413642283878053918955,2783.012006046918979415,10673.0441832085448542615572407610207955,210.48068467089473,807.208032995662022328219165226021,32897984.92348062925566975,126166055.289708208722245177717463191202075,,0.08547308501719536,
2020-11-15T00:00:00.000Z,6211.0,3866736870.6910428,0.0,0.0,55.953466216566,,0.00024187127862827565,3.8667368706910428,,26.700004308567234,1000000000.0,10965.0,12472.0,17871993.776570138,69106297.2886246073665316625599064,1871.711400815633277809,7237.4154848265899549145706219003092252,197.7464177108662,764.63336440967857336168056927336,23343984.5909725782408337,90265045.92675722991769395251928379438236,,0.0854115522275288,
2020-11-16T00:00:00.000Z,5212.0,3595262086.334094,0.0,0.0,49.69748828537,,0.00021473155968204226,3.595262086334094,,17.38484442589124,1000000000.0,8951.0,10235.0,20121741.248931166,72342933.423307062164392684973604,2640.913992473655385524,9494.777950409736080805643865435255256,209.43275044821135,752.9656273231239984981208227669,27029754.712967862870834264,97179052.322443648787031829726883206596816,,0.08667328577119314,
2020-11-17T00:00:00.000Z,7212.0,3796459295.0957163,0.0,0.0,64.508169469032,,0.0002147055180244227,3.7964592950957163,,16.155975527227966,1000000000.0,10900.0,11848.0,15501912.521019004,58852379.8821832663168777912925652,1704.399117105387800799,6470.6818706876817881355664070626173237,133.89074756973892,508.310773138449510518870801388396,20193720.739464634663863809,76664638.8039076538258197771030314425013867,,0.08644460326887793,0.08885429745426598
2020-11-18T00:00:00.000Z,6258.0,3463550897.3083504,0.0,0.0,60.778728198829,,0.000194530255379167,3.4635508973083504,,9.514457481411657,1000000000.0,8335.0,9038.0,16453124.796041053,56986235.1508542587790837181089712,2390.989065219554588898,8281.3123222956422329742098868145338592,200.0,692.71017946167008,21609759.171454334374463461,74846500.7689080145016324668263740749847344,,0.08798903680989624,0.08565307790088242
2020-11-19T00:00:00.000Z,5057.0,3715175856.6357276,0.0,0.0,77.151981427885,,0.00020849907066962535,3.7151758566357276,,30.150263217981312,1000000000.0,7818.0,8645.0,12961429.913951183,48153991.4837875313760020400857508,1836.066827306403385378,6821.3111479785097291161233223862310328,160.7363543502882,597.16382296583582406555747669432,15872797.722063857266589775,58970234.87427421660819761056330407784529,,0.0864815222144273,0.08575106005382152
2020-11-20T00:00:00.000Z,4833.0,3840117483.3474614,0.0,0.0,59.084270849852,,0.0002057523771745172,3.8401174833474614,,30.903259695096647,1000000000.0,7068.0,7709.0,16924978.266064357,64993904.9447895395621497249733198,2736.832870015587776535,10509.759753146868883774784812062738249,207.76787888,797.853064165105777110675232,21098244.594950166169305427,81019737.9370092122250087258568997416930178,,0.08653053187231657,0.08239820997629158
2020-11-21T00:00:00.000Z,4367.0,3803346960.862006,0.0,0.0,73.110044321713,,0.00020331589541344063,3.803346960862006,,25.006634486579387,1000000000.0,6380.0,6995.0,13678011.130722348,52022222.064669532532611528310088,2342.8494561242290477,8910.6693587072902191893121764916862,202.50592,770.20027538856451807552,16388231.945588982188658045,62330132.16415749508321609811080956673827,,0.08643466716163048,0.08132707037114903
2020-11-22T00:00:00.000Z,3967.0,3722827905.473686,0.0,0.0,82.032875779892,,0.00020142237820269655,3.722827905473686,,23.61162360978947,1000000000.0,5725.0,6261.0,12190234.59183806,45382145.51276535847193370328916,2399.41981010084759821,8932.62702598980787493584614545570206,252.15609569,938.73374957002504179301334,15022767.431041406812394051,55927177.809722187104977952746128843441986,,0.08653775552933757,0.08017595097483195
2020-11-23T00:00:00.000Z,4270.0,4137308221.428446,0.0,0.0,75.899828724944,,0.00022518098181167762,4.137308221428446,,40.449712692601125,1000000000.0,6187.0,6781.0,13175260.297673909,54510112.749026058456403084615414,2591.263040576549212127,10720.853881661029919826970199805964642,245.00330336193474,1013.65418127646022357970503161404,17571354.678149580207433435,72698110.17154344388634771097732316049201,,0.08817681976910693,0.07831608158093734
2020-11-24T00:00:00.000Z,4678.0,4077804654.881674,0.0,0.0,65.113307205082,,0.0002129373993349829,4.077804654881674,,46.71946279954508,1000000000.0,7021.0,7635.0,15357843.779158497,62626286.851598078826390826683978,2454.468813404230668395,10008.84435256167073946002338065649323,284.4,1159.7276438483480856,18739869.390341301153196367,76417526.631808356095779488681435271678358,,0.0873467471808041,0.07815762648424476
2020-11-25T00:00:00.000Z,3570.0,3674633276.592703,0.0,0.0,36.422243696324,,0.00019599723223425852,3.674633276592703,,34.98067409875003,1000000000.0,4956.0,5490.0,27455749.5232214,100889810.8318235962649682934442,5539.506369894994699723,20355.654442713394193401636826057921269,200.74944716,737.68059879172449574007348,30411889.970723520901480506,111752542.890496534121779528021787856347718,,0.08974339196678341,0.07923154760493348
2020-11-26T00:00:00.000Z,3200.0,3374107478.0892206,0.0,0.0,52.549012723261,,0.00019715807521181763,3.3741074780892206,,19.987724604794902,1000000000.0,5322.0,5858.0,19029853.23941852,64208770.122062407627625424005512,4355.880518584408539025,14697.209031418805099127719409446933915,400.0,1349.64299123568824,25516748.077867465221609294,86096250.5060513602706930280472516461762564,,0.09129031808182315,0.07991192072434576
2020-11-27T00:00:00.000Z,2732.0,3319189629.3554137,0.0,0.0,136.807988603478,,0.00019408646229539342,3.3191896293554137,,24.213790594701642,1000000000.0,4127.0,4524.0,7309514.672409834,24261665.2962839551053370530183258,2164.362286345537462079,7183.9288550060802628941245265771070823,287.4688444559071,954.16360728083135975026432926727,9791574.983427211478447467,32500094.1400475071093398933999572275020979,,0.09076096984449021,0.07836497790312719
2020-11-28T00:00:00.000Z,2891.0,3476605474.700979,0.0,0.0,137.808226684293,,0.0001959161202090669,3.476605474700979,,36.832113775992035,1000000000.0,3968.0,4375.0,7256460.837355657,25227851.474103927472375149088203,2084.514824665819353243,7247.035651528538901459174836598924897,135.28622760198715,470.33683953271122350587245041985,9119752.357912959670436488,31705780.975437357693878198706958210921752,,0.09036015894187797,0.07859911151885371
2020-11-29T00:00:00.000Z,2719.0,3548864505.223234,0.0,0.0,197.230809752123,,0.00019509045547702554,3.548864505223234,,47.977343605794815,1000000000.0,3642.0,4030.0,5070201.766431869,17993459.083210201816037496844346,1493.655904660369883073,5300.782423066285540429723034342918082,114.15029239428287,405.10392093892416864487469220158,6019433.295781290628784741,21362153.164957130727933739252744337872394,,0.08944897695437747,0.0785286863028275
2020-11-30T00:00:00.000Z,3024.0,3776651188.3035863,0.0,0.0,93.75257329087,,0.00019205517215906205,3.7766511883035863,,66.7263250938096,1000000000.0,4183.0,4521.0,10666373.891386073,40283173.6317935605462072237735999,2980.949900072702128167,11258.0079823830273293604701824883453121,200.0,755.33023766071726,13476874.498228686321442126,50897454.0883536665560353584653329136964738,,0.08887279787901749,0.07893398310567569
2020-12-01T00:00:00.000Z,3085.0,3558437493.471882,0.0,0.0,88.601664121805,,0.00018907133782570203,3.558437493471882,,49.500694239164,1000000000.0,4405.0,4870.0,11286469.728438232,40162197.050610014991827265792624,2841.727059292838734128,10112.108114001231266116957188641788896,200.25489121595035,712.5945131539707636432376330587,13839210.778756124635202409,49245966.515185996265986197434629220163738,,0.08972393213726289,0.07855995897934835
2020-12-02T00:00:00.000Z,3459.0,4006508438.497975,0.0,0.0,98.071813594954,,0.00020851080302482008,4.006508438497975,,77.23305060072272,1000000000.0,5811.0,6884.0,10196609.640870836,40852802.5702188107880268225571,1944.992880189152666603,7792.630387296321024327313595265628925,200.0,801.301687699595,13389330.98722212695689479,53644467.58614787393146817708459770305025,,0.09084671295214503,0.08007430209163127
2020-12-03T00:00:00.000Z,3287.0,3889441889.3676863,0.0,0.0,171.079351165258,,0.00019976269756574348,3.8894418893676863,,81.9139220448338,1000000000.0,4433.0,5107.0,5845240.779724636,22734724.3421012360985834704296868,1486.091459912306642114,5780.0663756145051908078774670503208382,134.95611032210377,524.903948712917198509547673407351,7589469.0857721500212774,29518798.98026327800946050533337700847962,,0.09022916975720542,0.07991841739688375
2020-12-04T00:00:00.000Z,3100.0,3535837142.8886426,0.0,0.0,187.960166146949,,0.00018874944506722048,3.5358371428886426,,83.81298676096269,1000000000.0,3876.0,4372.0,5320276.207982222,18811630.2266102815054689865118572,1663.278124002548569996,5881.0805698023527330875907592995274296,113.76576013602046,402.257200277901215418174895227596,7271851.958139142348023054,25712084.2511758861490608632233889795665004,,0.08974913553777708,0.0793446770384634
2020-12-05T00:00:00.000Z,2741.0,3674491344.243547,0.0,0.0,286.11475712425,,0.0001922344686961384,3.674491344243547,,66.37978987181302,1000000000.0,3584.0,4134.0,3495101.0917823203,12842718.7090103068601857919621041,1292.299583602689872671,4748.543634117623958933735970243404037,124.14318248000001,456.16304946960718952837000243547,5342366.478613519933621467,19630479.383442257446230422003355355423449,,0.08704147332015798,0.07489414338727009
2020-12-06T00:00:00.000Z,2849.0,3639527517.558466,0.0,0.0,198.187108984288,,0.00018802792609841002,3.639527517558466,,42.3314616356049,1000000000.0,3668.0,4152.0,5045736.855060932,18364098.130353175204164302450312,1539.797612595035261515,5604.13578251046122538463257061223599,110.13916387800992,400.85451769489851333326532798272,6393239.687494586405809646,23268371.768983435007794686972735871763036,,0.08362682434280379,0.07403953151452096
2020-12-07T00:00:00.000Z,2850.0,3758119472.798937,0.0,0.0,131.535640546981,,0.00019591725723035674,3.758119472798937,,50.19339018742767,1000000000.0,4171.0,4712.0,7602502.225568503,28571111.655906247714779439081311,2240.547928957344928511,8420.246801553927273975031351341792807,200.3215300233739,752.8322428017183509588650735443,10557461.84124700930314435,39676202.92892210531497229443340943755595,,0.08346082847839253,0.07279021632696417
2020-12-08T00:00:00.000Z,2681.0,3314690534.5373003,0.0,0.0,137.896345913317,,0.00018072594109495334,3.3146905345373003,,15.207790180945496,1000000000.0,3523.0,4072.0,7251823.776596729,24037551.6304177154423758414707187,2214.533658339043405074,7340.4937557106869363995808927752817222,200.0,662.93810690746006,9017581.056756584745462452,29890490.5732539172050228191075417670983356,,0.08369058961714651,0.07451447914291642
2020-12-09T00:00:00.000Z,2542.0,3362682334.5267534,0.0,0.0,85.5333555475,,0.00018103565201937297,3.3626823345267534,,25.937813943528944,1000000000.0,3459.0,3847.0,11691345.365781454,39314280.5283645193926332605514436,3701.028316867098813459,12445.3825407122766552569623814314940106,250.00011012322148,840.670953941099841973115653543032,14237855.934987729135377972,47877386.6341201282927775661374860550361048,,0.08234591661387293,0.07440251475379522
2020-12-10T00:00:00.000Z,2223.0,3246117031.683256,0.0,0.0,203.031143698688,,0.00017743340735730049,3.246117031683256,,5.529785102596256,1000000000.0,2977.0,3452.0,4925352.740385815,15988271.41761419239430031541364,1812.889065396993806335,5884.85007173752170221244759152622676,188.04998,610.43224288569565713488,6258093.053750422619468588,20314502.447637924916037914433609857562528,,0.07868288460389222,0.07451022977168854
2020-12-11T00:00:00.000Z,2471.0,2974084636.87077,0.0,0.0,103.118192390261,,0.00016466195058711459,2.97408463687077,,1.263554728799648,1000000000.0,3601.0,4198.0,9697609.867087284,28841512.52007068115933221828868,2931.290876313358685255,8717.90716144301654374143858453949635,266.87103172601667,793.6970354821980280229456557359,12305559.098763479760699163,36597774.26373778345062261256758367816551,,0.0799031411544622,0.07526945912941023
2020-12-12T00:00:00.000Z,2318.0,3130485357.07444,0.0,0.0,275.050748943062,,0.00016639760477682154,3.13048535707444,,5.4812607098633395,1000000000.0,3090.0,3563.0,3635692.6997752246,11381482.759468778766257449919224,1420.011894450615686044,4445.32644244918765021815508937711536,174.50550837,546.2869386811161281330628,5059502.379927543689375901,15838698.11444645559773082090141879907044,,0.08042534030755934,0.07551348068459372
2020-12-13T00:00:00.000Z,2409.0,3331020046.53114,0.0,0.0,236.455559271394,,0.00017388837438790837,3.33102004653114,,-13.922009871704732,1000000000.0,3151.0,3621.0,4229124.50475416,14087298.5046121864513464845424,1453.141698452278995496,4840.44412799485019009786317848374544,121.09721499746,403.3772507356306738569109044,5261826.090095702242692374,17527248.18746935253834888609451283152636,,0.06442277714168386,0.07529092704531003
2020-12-14T00:00:00.000Z,2313.0,3484029410.61756,0.0,0.0,128.985320053724,,0.0001806436634434547,3.48402941061756,,-9.153419467487042,1000000000.0,3487.0,3972.0,7752820.2401908,27011053.732055842878960230448,2544.252866041193362036,8864.25181333553674478260085141895216,323.3234431999108,1126.468385250625362159164913648,10105772.383915620034005926,35208808.20256875195027277660648435966056,,0.06505604101042811,0.07549262834471214
2020-12-15T00:00:00.000Z,2146.0,3336110554.8522,0.0,0.0,137.064441382964,,0.00017167607707140547,3.3361105548522,,-13.72284522023895,1000000000.0,2820.0,3221.0,7295838.292631699,24339723.1345434648618319798878,3002.482849792106135525,10016.614725954157869205939679544405,211.92400879760908,707.001922576294142051552777976,9670997.259180373862526401,32263516.0322983424967135860853811529322,,0.06542483036004372,0.07570589872605267
2020-12-16T00:00:00.000Z,2227.0,3525258264.01177,0.0,0.0,120.225715724018,,0.00016495739083423818,3.52525826401177,,-1.9471131906743302,1000000000.0,2843.0,3222.0,8317688.058481,29321998.56563215972543232137,3082.579344257918162111,10866.88830781720890729941013207204647,234.69166037992437,827.3487152489720858801653898349,9932070.647199012318321294,35013114.12778704709931747265566025763038,,0.06501658515672684,0.07602215716820941
2020-12-17T00:00:00.000Z,3016.0,3678045353.93459,0.0,0.0,71.017179916922,63.148081676953,0.00016139375113658058,3.67804535393459,,-3.1190625779682115,1000000000.0,4659.0,5117.0,14081099.829222003,51790923.80515913682889465078377,3702.085820511747260608,13616.43955200035648078180822691563072,401.865507,1478.07956092791845518713,18943573.143558610732533072,69675321.18758582411216763339293249976048,,0.06470144942579831,0.07576258687649161
2020-12-18T00:00:00.000Z,2607.0,3758088115.29222,0.0,0.0,75.175938400984,68.63417832963896,0.00016304943830433558,3.75808811529222,,8.50390904354156,1000000000.0,3461.0,3815.0,13302128.596866509,49990571.38797280173301686625998,5165.599061992597148513,19412.77644323901891970507196173346886,263.05948064309865,988.600707819772834771071037503,19706760.4215017581215774,74059742.130956857178675995750888347828,,0.062492594815041796,0.07566382915349562
2020-12-19T00:00:00.000Z,3874.0,3952052756.41926,0.0,0.0,70.289190957771,74.43383474158439,0.00016565747053908674,3.95205275641926,,6.375926979619095,1000000000.0,6064.0,6820.0,14226938.543093929,56225611.68464177312489588467254,2820.617686789950995549,11147.22990388314279642792403743787374,380.167,1502.44004024964081642,19236612.623907465789643317,76024107.94448303387163503131379750908542,,0.06185724175567658,0.07462152038795383
2020-12-20T00:00:00.000Z,2750.0,3762874485.78853,0.0,0.0,162.951268839183,73.02177601039195,0.00015992801883937628,3.76287448578853,,-2.01147485445154,1000000000.0,3790.0,4248.0,6136804.009712271,23092023.23243105080308385205163,1872.28282416064374132,7045.1652692141790507233606295430596,194.20025739166874,730.7511936726756822791514515522,7953457.437034414613125809,29927862.06362183260746699973597145917077,,0.06225332740379662,0.07489259695149396
2020-12-21T00:00:00.000Z,2262.0,3539451791.80277,0.0,0.0,160.481515907974,70.45231738461904,0.000154309074316523,3.53945179180277,,-6.938498427170195,1000000000.0,3218.0,3578.0,6231247.220853992,22055199.14101769286538463115784,2421.229495860891519241,8569.82507749054997702651629553209757,261.39167314685466,925.1832258819587258057965754082,8663159.136190269855842531,30662834.12726118781779462109409772961087,,0.06321405163215062,0.07523900153546148
2020-12-22T00:00:00.000Z,2608.0,3739512574.52942,0.0,0.0,112.361895003944,76.63676389331974,0.00015740750444893603,3.73951257452942,,0.44817191337806794,1000000000.0,4071.0,4667.0,8899814.300612317,33280967.48811651500780413086614,2571.71885691482522889,9616.9750035874151876744298355389438,375.89100636902856,1405.6491449695006008770045402352,12002211.905221489343229795,44882422.3417424666808771810620350480689,,0.06395620273209077,0.0755223408158378
2020-12-23T00:00:00.000Z,2514.0,3352544034.13874,0.0,0.0,141.941454038919,70.8460347415713,0.00014384112358166004,3.35254403413874,,-18.967989458101307,1000000000.0,3409.0,3866.0,7045158.20815681,23619203.1203196887517712158194,2252.952003503867489249,7553.12079854781260797442066592440626,289.935,972.0198545380155819,8709912.445545951713436331,29200365.00718584354242809447362141056294,,0.06377134358856892,0.07685093441935217
2020-12-24T00:00:00.000Z,2391.0,3503438075.02875,0.0,0.0,144.210043052679,75.299418006362,0.0001477767969715303,3.50343807502875,,-14.08519113747469,1000000000.0,3140.0,3500.0,6934329.806937947,24293995.07043316466408149097625,2493.920712738867237718,8737.2967811121852334825597459343925,203.7,713.650335883356375,8728722.494586035332014345,30580538.73389264831719367123498128741875,,0.06442622818673123,0.0766235548612295
2020-12-25T00:00:00.000Z,2681.0,3497873831.95769,0.0,0.0,282.237256346378,77.22758156452741,0.00014179133862404387,3.49787383195769,,-4.810260815983052,1000000000.0,3395.0,3909.0,3543118.3428623653,12393380.935027562223408322924157,1233.354546903402979813,4314.11859513944668395923397334011197,101.179033,353.91149187348357111377,4821182.923845402248089047,16863889.58840009708759675053800145642143,,0.061650643365659626,0.07655934939489067
2020-12-26T00:00:00.000Z,3120.0,3405840420.3736,0.0,0.0,197.007532127416,75.91348376691874,0.00012862873555735452,3.4058404203736,,0.9404840388294288,1000000000.0,4068.0,4866.0,5075948.057423717,17287869.0656905506194946406712,1386.715884536049954951,4722.9330111270089381739631825896936,70.0,238.408829426152,6747759.494152419080789638,22981792.0321440254931479383861509687568,,0.05980784151817564,0.07656990852951422
2020-12-27T00:00:00.000Z,2805.0,3622679063.45224,0.0,0.0,121.012268130186,82.01939689520087,0.00013706249171798523,3.62267906345224,,9.143479824494511,1000000000.0,3833.0,4427.0,8263624.9650671305,29936461.14916994180604068059732,2415.797933223422136156,8751.66059421968393118403692868318944,185.58757425341548,672.3242196847362402164598566752,10694737.450380089796761281,38743601.45061054076334690969744702471944,,0.06074833193216213,0.07660025097494064
2020-12-28T00:00:00.000Z,2881.0,3726531215.55553,0.0,0.0,103.472487970734,85.04836148139565,0.00013781882148127035,3.72653121555553,,7.188786380083772,1000000000.0,3822.0,4421.0,9664404.709035674,36014705.82798329845757449797722,2926.20671804234905349,10904.6006779531130578302558600352997,212.74740942,792.8098622322026136550926,12936759.90046522516547709,48209239.5972307128286593627885418378077,,0.06039148566658888,0.07630716247480417
2020-12-29T00:00:00.000Z,2758.0,3667647365.48875,0.0,0.0,52.069201704571,83.36203241988198,0.00013468546740912982,3.66764736548875,,3.3470666488024827,1000000000.0,3564.0,4090.0,19205210.89748569,70437941.1518192228798529809875,5466.386309636330723232,20048.77734728145879416514572465964,157.01826489147993,575.8876255628510531805952657875,22357520.00641259265801893,81999499.3503811664681356293962262020375,,0.060378642268136704,0.0759015766347174
2020-12-30T00:00:00.000Z,3765.0,4137206225.68767,0.0,0.0,79.782795023757,94.65729223305605,0.00014343080728498284,4.13720622568767,,9.546950973410913,1000000000.0,5621.0,6256.0,12534030.672931794,51855869.73301363401007265677998,2689.96020299835963424,11128.9200986968820763623331136778208,395.5515,1636.478128380096400005,16828391.029957737871805965,69622524.13744769426972492799243693295155,,0.06327930251393413,0.07681329908201283
2020-12-31T00:00:00.000Z,5442.0,5151001087.81704,0.0,0.0,42.370907048158,117.69134529095133,0.00017748197657561156,5.15100108781704,,44.7545754918216,1000000000.0,8970.0,9995.0,23601099.66169496,121569290.0310691136900127701184,3084.202444870874930537,15886.73014857785110739443614696495048,385.604829,1986.25089364650369248616,30826603.43648439493071662,158787867.8350356218184038093431586472048,,0.0734223333229999,0.08128343529735912
2021-01-01T00:00:00.000Z,4636.0,4747146726.42158,0.0,0.0,70.407828378618,109.0415539913173,0.00016157367724520182,4.74714672642158,,18.48587864702632,1000000000.0,6970.0,7946.0,14202966.105167989,67423564.05162487711197073480262,2409.389339744562075292,11437.72471684344988987569577369360136,246.0496785398392,1168.033926017479742325284609936,19145007.693610290250269823,90884160.60003805282495033703475824998034,,0.07252491443973579,0.08177885377617794
2021-01-02T00:00:00.000Z,3984.0,4849113729.97269,0.0,0.0,67.69154985899,110.97503725289087,0.00015142747483294606,4.84911372997269,,24.673767288525287,1000000000.0,6542.0,7242.0,14772892.659174174,71635436.62501424990628697330806,2696.316324626180750678,13074.74451009431379674885561263898382,399.587115565,1937.64336840642548332391985,19526722.822942800996407704,94687299.74210302051604371024896402560376,,0.07226537626931405,0.08129495794113231
2021-01-03T00:00:00.000Z,3839.0,5502748606.98052,0.0,0.0,77.02587876512,125.31658169736914,0.0001653577691136571,5.50274860698052,,55.62788625736835,1000000000.0,5678.0,6251.0,12982649.676083134,71440257.41998256481900423854968,2718.471814748560933834,14959.06699172344990295836070224691368,378.6439911777431,2083.582694994870147980719264412,16993167.313993254397397544,93509127.76526328534339937107555990384288,,0.0727422123517403,0.08104252207940316
2021-01-04T00:00:00.000Z,4038.0,5330531569.4862,0.0,0.0,65.580275996301,121.56181811712678,0.00016761546374489386,5.3305315694862,,45.06855698100917,1000000000.0,5669.0,6201.0,15248487.21369207,81282542.479492242663254914434,3300.384339095598016701,17592.8029109869330026267494895890262,400.0,2132.21262779448,20465683.286731803301563584,109092970.8510299715492921143380035105408,,0.07308242095840488,0.07971491711264972
2021-01-05T00:00:00.000Z,4455.0,6352674735.03193,0.0,0.0,81.296422768096,144.74634606627376,0.00018677100534134308,6.35267473503193,,74.54668784297436,1000000000.0,6133.0,6660.0,12300664.235283392,78142118.91159566013253371870656,2440.733779929904557029,15505.18781869968737999265681482093597,295.14459999999997,1874.9576436011047764977579490421,16255286.974333164349813327,103264550.87253991795075228233688288453111,,0.07874969654747735,0.0806065651415077
2021-01-06T00:00:00.000Z,4517.0,6359754728.22761,0.0,0.0,96.375962176783,144.77623874594536,0.00017355856581417582,6.35975472822761,,69.22705023773636,1000000000.0,5974.0,6597.0,10376031.29881798,65989014.1128953176003334004278,2037.102469967472062228,12955.47206525977334715172953006771508,191.902957,1220.45573814160972804277,13438764.994375413194521176,85467249.21451872477117942055932509286936,,0.07876951097465522,0.08048342336889862
2021-01-07T00:00:00.000Z,3974.0,6251990200.89441,0.0,0.0,117.112580578349,142.71142807951495,0.00015942589292051472,6.25199020089441,,88.61459722263722,1000000000.0,5145.0,5725.0,8538792.289108446,53384445.71897875234053068518686,2042.902281893526126589,12772.20504778315501682677613068246749,200.0,1250.398040178882,11695615.563840437074724311,73120873.89855856247134758539775637100151,,0.07433995547512062,0.0789159676080784
2021-01-08T00:00:00.000Z,3490.0,5897581960.61793,0.0,0.0,85.747377802891,133.29379162745298,0.0001446357681490594,5.89758196061793,,75.38326175100703,1000000000.0,4501.0,4978.0,11662164.20400307,68778569.2312926665431968170451,2952.550740230118932437,17412.90998339026534350530742844079541,246.25051853415317,1452.2826158998329621866224683381,14697797.584865532045671391,86681465.89731674087996944986668808264063,,0.07574134874232587,0.07863652897997406
2021-01-09T00:00:00.000Z,3488.0,6291905180.85819,0.0,0.0,147.079172239683,141.5668614201501,0.0001558533275803206,6.29190518085819,,93.82866111871381,1000000000.0,4476.0,5043.0,6799059.205815891,42779035.84203457532905451949729,1918.147353030543859673,12068.80126818230248579102424107277187,220.48,1387.2392542756137312,9673217.101333032684332584,60862964.79544335143585448543175250026296,,0.07548265519610993,0.07712315574052542
2021-01-10T00:00:00.000Z,3737.0,6011646974.26237,0.0,0.0,112.267401732098,134.9574439407486,0.00015684191139574336,6.01164697426237,,102.1343609302128,1000000000.0,4956.0,5534.0,8907305.099892527,53547573.75260068730382210030899,2148.851022584313630516,12918.13374805958873955391182582248292,249.66202009,1500.8799276622795318710133,11891741.558981591631273335,71488952.16176176408467806831593547490395,,0.07375104737871326,0.07711436623472068
2021-01-11T00:00:00.000Z,2776.0,5197197671.27264,0.0,0.0,56.653995699784,115.04791491782397,0.000147356658015478,5.19719767127264,,66.01891011972735,1000000000.0,4000.0,4401.0,17651005.681913752,91735765.62566228890638855734528,4897.112925700485887404,25451.26389340971016564741750842582656,487.139875,2531.76222393404494052,21552193.986007838390466656,112011012.39489613443902287022513500509184,,0.07970792557560082,0.07975118214149482
2021-01-12T00:00:00.000Z,2866.0,5531798007.84867,0.0,0.0,118.309566972944,122.32129895521982,0.00016408759864073108,5.53179800784867,,66.06918993505843,1000000000.0,4062.0,4668.0,8452401.826715223,46756979.58655972980623896930341,2557.690930428723327503,14148.62959363822292056244831287297101,400.0,2212.719203139468,11939301.263241280492783128,66045802.94310322459318066286943615323976,,0.07971386477823783,0.07269983460804276
2021-01-13T00:00:00.000Z,3215.0,6312246666.30061,0.0,0.0,99.561920520018,139.16845146705546,0.00016924479837180964,6.31224666630061,,81.1766182875516,1000000000.0,4616.0,5276.0,10044000.706062555,63400209.97316433583844109465855,2712.133788123725053786,17119.65746264522840430922216589460946,313.97860000000003,1981.9103711397328963133999890183,14309217.86614077338377753,90323312.7729162250611518301151123432933,,0.08231126013251033,0.07446503381338906
2021-01-14T00:00:00.000Z,3604.0,6736792014.46626,0.0,0.0,74.735940328406,147.1977234107334,0.00017253688261422207,6.73679201446626,,101.93551453706908,1000000000.0,5620.0,6321.0,13380443.138947332,90141262.48848024400217223101832,2992.611858171451980828,20160.60366852647355221757270817286328,400.0,2694.716805786504,18916299.555501747970816116,127435175.78875583932358296034017034624616,,0.08182064540373205,0.07482502795149103
2021-01-15T00:00:00.000Z,4167.0,7321307509.68952,0.0,0.0,57.155694176998,158.0597456213833,0.00019943460104008954,7.32130750968952,,107.68145087213605,1000000000.0,6202.0,6820.0,17496069.54126445,128094105.322509493009847713564,3682.854556210361316431,26963.31071947718276318757371528450312,400.0,2928.523003875808,25117068.073354664178058089,183889779.10683438644492950807794491452728,,0.08235435098796745,0.07463583152066912
2021-01-16T00:00:00.000Z,5719.0,8391397398.18959,0.0,0.0,59.685100287883,178.19791753262228,0.00023195225795799587,8.39139739818959,,128.14828504528606,1000000000.0,8499.0,9279.0,16754600.31358982,140594509.4791641042607418539738,2585.370509170813501743,21694.87136401205995090317319650945537,291.2192824682691,2443.736729206872607066960938669,23989652.954595978482673602,201306711.38666790428443310346661768420318,,0.08481639829211962,0.07616327014397808
2021-01-17T00:00:00.000Z,5228.0,8750660209.31421,0.0,0.0,67.777741375394,184.1235447973695,0.00024260257540403938,8.75066020931421,,132.8487236290834,1000000000.0,8029.0,8972.0,14754106.284855315,129108170.79087611202842522352615,2203.364531306422932218,19280.89433071736910846694786309421778,223.62,1956.8226360068436402,19768586.574881226547861224,172988183.93519623564117707710443929119304,,0.08484865593201009,0.07498611164106515
2021-01-18T00:00:00.000Z,5129.0,9124193044.94252,0.0,0.0,65.348979809591,187.92622450250505,0.0002493337471161429,9.12419304494252,,130.8722481025141,1000000000.0,7757.0,8760.0,15302457.711103158,139622578.21817446823190190047816,2383.090387549168334421,21743.77673954549627698199610608248092,215.86053655,1969.553206267070631109106,20875871.794930714609531926,190475484.23841854738639847243889877489352,,0.08478616802736473,0.07472467185283062
2021-01-19T00:00:00.000Z,4413.0,8723414720.14973,0.0,0.0,54.449060917881,174.36366433516278,0.00024064495283910038,8.72341472014973,,131.8284798787726,1000000000.0,6417.0,7174.0,18365789.659957178,160212399.86684415082064554826194,3075.756907667401362676,26831.10308394802299310091699675347748,247.41713959999998,2158.3223176039805058440135970054,22065480.055605937375837737,192486333.52424311695250696428057282436101,,0.08466009252760726,0.07508199067064752
2021-01-20T00:00:00.000Z,3681.0,8978071368.02064,0.0,0.0,94.589914570885,176.7987648323056,0.0002527931866546707,8.97807136802064,,153.65711686802732,1000000000.0,5202.0,5882.0,10571951.61383303,94915736.0882539244569945537392,2463.047427102847194392,22113.41558334897688614534813434825088,200.0,1795.614273604128,14487644.966218947197412677,130071110.46125868204429735812408673365328,,0.082966480823885,0.07504368176628372
2021-01-21T00:00:00.000Z,3199.0,7673281966.83879,0.0,0.0,74.686454368662,148.92320329575503,0.00024734210358969087,7.67328196683879,,105.19470957533535,1000000000.0,4896.0,5504.0,13389308.790371379,102739941.68959279524352672299141,3445.519998263593332527,26438.44646905844975218078975947232233,376.7702060533927,2891.064027751633319161573462833,18964142.070442817702227533,145517209.36569770743599481805802131040507,,0.0896192677126291,0.07811794842623553
2021-01-22T00:00:00.000Z,3200.0,8729129944.56292,0.0,0.0,98.855083577607,166.91721320665317,0.00026462786124886625,8.72912994456292,,160.3733121973866,1000000000.0,4692.0,5143.0,10115817.657621475,88302286.828881953315775680707,2996.126717561667163484,26153.57944797255915517954144456441328,297.0,2592.55159353518724,15409079.708419654221795662,134507859.10092287173506612236803614205304,,0.08794631499298529,0.078648279126071
2021-01-23T00:00:00.000Z,3537.0,9327131365.90341,0.0,0.0,92.872049560996,175.56348592359222,0.0002911427514156961,9.32713136590341,,166.22794997816166,1000000000.0,4689.0,5306.0,10767502.221895339,100429907.70627467531649020320599,2895.961551497924572935,27011.01382142659564186500864471020835,160.46135079650264,1496.6440980292898947723720500024,15365971.992247987783990961,143320439.33648951647571569186352703907701,,0.08814552680214256,0.07887020398209764
2021-01-24T00:00:00.000Z,6162.0,11985038093.2179,0.0,0.0,55.813325423783,216.92759667705357,0.0003720200923474781,11.9850380932179,,242.63780424893469,1000000000.0,9137.0,10198.0,17916868.282030072,214734348.8712979658901870486888,2518.801217014322951837,30187.9285351602670895580702980462823,210.07162366,2517.716411869234687175514,25686734.811112065462830619,307856495.2015644037792759633861203588801,,0.09641679280747227,0.08307173532445751
2021-01-25T00:00:00.000Z,6360.0,11402633458.3254,0.0,0.0,49.600363952706,198.2330931127535,0.0003517192129144304,11.4026334583254,,234.79646873985365,1000000000.0,9538.0,10546.0,20161142.385033578,229890116.7176462306883426502812,2693.794710236597945583,30716.3536928038076291097680875067082,256.4889930245339,2924.64997355374038132540953106,28408759.014155161934119982,323934666.0443089552566105882329203981428,,0.09706790145459357,0.08243489389311331
2021-01-26T00:00:00.000Z,7002.0,13810183896.3212,0.0,0.0,42.895714106651,226.86103847302107,0.00042309783935248985,13.8101838963212,,281.2146661195197,1000000000.0,11094.0,12464.0,23312352.31365331,321947872.507381210252241203172,2597.322717436772744897,35869.5043658945374166289569843729164,210.0,2900.138618227452,32373030.350131935492401629,447077502.4165095143609381848601259872348,,0.10087685837135967,0.08519164074562711
2021-01-27T00:00:00.000Z,7893.0,14960983808.1892,0.0,0.0,49.262368061129,233.61379861957334,0.0004928033194979651,14.9609838081892,,301.47211824600004,1000000000.0,11591.0,12768.0,20299470.759487573,303700053.3475037018979130328116,2102.871900879064104229,31461.0324597477223932104122525521268,152.08007994500002,2275.267613605264380905270163784,26849468.430423890482798902,401694462.4460589195165558754215243682584,,0.10103040599795629,0.08545372506758735
2021-01-28T00:00:00.000Z,8282.0,14308107826.5876,0.0,0.0,50.936565643919,214.2918152322949,0.00042696383378174947,14.3081078265876,,290.1167806158732,1000000000.0,12025.0,13306.0,19632261.958740328,280900520.9854704932855627447328,2192.943208377515986892,31376.8678830484586837321670106897392,100.0,1430.81078265876,29179302.330671227721578397,417500604.0518427912456464245974343880772,,0.1017731819917843,0.08591542692481202
2021-01-29T00:00:00.000Z,7463.0,15427464664.675,0.0,0.0,63.619669575586,222.89146558268243,0.0004515423869497454,15.427464664675,,272.8957132686976,1000000000.0,10841.0,11844.0,15718409.206949826,242495202.62512063005063959655,1687.178679020053395337,26028.889453574917512293325913620475,102.62569271999999,1583.25424812559423439135335325,19982944.274313512414375465,308286166.688141323015664432795772198875,,0.10095498246128058,0.08603284486842874
2021-01-30T00:00:00.000Z,9771.0,19286345324.8549,0.0,0.0,56.305188319367,265.1854121663063,0.0005614670123181445,19.2863453248549,,274.4193603544418,1000000000.0,14096.0,15484.0,17760352.63975912,342532294.101592685970084951688,1573.483436866371363816,30346.7449263443615555572752753102984,93.7525630619238,1808.14430630249826873594985662,24363817.536438894197324589,469888998.4395160943262034310196646271361,,0.10120158144364015,0.0891007529132293
2021-01-31T00:00:00.000Z,10963.0,17794533498.7345,0.0,0.0,52.629957870095,233.20128968150811,0.0005366615401879378,17.7945334987345,,274.8469243576151,1000000000.0,15159.0,16760.0,19000585.226920813,338106550.3160022681710672111485,1602.542813263793566793,28516.5017737788010311971953067234585,74.5173921,1326.00222996178359029745,26858617.550301180179456883,477936569.7285327052829753728319778145635,,0.10115292051382078,0.08938294313522163
2021-02-01T00:00:00.000Z,8304.0,20446357891.5744,0.0,0.0,57.963044037812,255.53955217272855,0.0006090614334265159,20.4463578915744,,321.65144045177,1000000000.0,12254.0,13346.0,17252372.034630347,352748173.0986416831482098483168,1731.000563457111718474,35392.6570309610491487392053494254656,101.21550682,2069.488476618809503737408,23101933.519898612994747448,472350400.7352061619389393882710951021312,,0.10251064661301552,0.09028538871262796
2021-02-02T00:00:00.000Z,7708.0,19147480601.0954,0.0,0.0,59.332214615695,229.94331095465574,0.0005379087678789275,19.1474806010954,,247.96211800055403,1000000000.0,10782.0,11812.0,16854250.367648788,322716431.9605601816962352823752,2008.923089690217201013,38465.8158889360682186293817697896402,100.0,1914.74806010954,23729399.535420845578364505,454358217.280112837798430133462643478777,,0.1034341174125399,0.08967943995240515
2021-02-03T00:00:00.000Z,7288.0,19783403133.4903,0.0,0.0,110.289482344335,235.98719040552982,0.0005264571466297411,19.7834031334903,,271.1337767275841,1000000000.0,9325.0,10055.0,9067047.725166576,179377060.3775665360849317802128,1276.276428514689636284,25249.0910950773198198842684064420452,72.09599765,1426.304185821119305097795,12832959.488715204292837944,253879610.9610024507889822954556569959432,,0.1025230992772622,0.08967126946211022
2021-02-04T00:00:00.000Z,7145.0,20228543675.384,0.0,0.0,76.347321651706,235.07236855956478,0.0005448149185784434,20.228543675384,,218.42561628149102,1000000000.0,9333.0,10145.0,13098036.425717289,264954201.899392719726572513976,1733.272033126053976978,35061.569023412006114427322241309552,100.0,2022.8543675384,17584044.776063817596438859,355699617.742514802030805489705699346856,,0.09950725189029752,0.08953902524347901
2021-02-05T00:00:00.000Z,8055.0,21224299778.1132,0.0,0.0,44.578873927203,234.1023853990755,0.0005578675000504694,21.2242997781132,,233.72827546178286,1000000000.0,9660.0,10240.0,22432150.296864655,476106682.568346450626151668946,2543.216151948256333792,53977.9820094892832411891821151612544,50.86330601,1079.538054462146792020332,26042533.395950144858029623,552734535.7771702603897675253542526473236,,0.09926611912362751,0.08957333030677367
2021-02-06T00:00:00.000Z,7940.0,19307571729.4875,0.0,0.0,74.979087322498,207.131325546696,0.000490765738108502,19.3075717294875,,208.82280856302938,1000000000.0,9416.0,10059.0,13337052.179614166,257506091.617818114527074919925,1694.586417041774417519,32718.3487988492784339931517488915125,51.07081296779621,986.053384658965712951147742375,17045844.769023208865818651,329113870.5676248917674411548106041713625,,0.10178687278576114,0.0887554945782407
2021-02-07T00:00:00.000Z,6479.0,18614612605.8046,0.0,0.0,110.998682675094,196.5830491301679,0.0004772608976726009,18.6146126058046,,215.63126600201107,1000000000.0,7870.0,8489.0,9009115.927322472,167701202.9078918858660832209712,1456.104648340661046768,27104.8239423727432552550031888695328,59.56,1108.686326801721976,12360872.359763871626012691,230092850.4468022174938436948888598661786,,0.10115397150427018,0.08914395521442815
2021-02-08T00:00:00.000Z,5800.0,19141265596.5677,0.0,0.0,114.201023234802,200.1436071339757,0.00041501437399591037,19.1412655965677,,204.22050311249143,1000000000.0,7149.0,7697.0,8756488.967213161,167610281.0148419094343958674997,1655.917011188607260472,31696.3473170356993092802766630819544,67.81918,1298.144936921432228486,12745593.235118710083849382,243966785.2992237775834613426370629661614,,0.10104582839496176,0.08874984006195696
2021-02-09T00:00:00.000Z,6156.0,19572709091.576,0.0,0.0,139.780739412842,202.14526568281713,0.000420482963328655,19.572709091576,,225.57981490550807,1000000000.0,7168.0,7617.0,7154061.4551086435,140024363.684098374423270637156,1234.090222938858387798,24154.488926340446272428300502989648,59.37888512,1162.20564463587086374912,9400065.22812528433985635,183984742.1519351792570664790588351076,,0.09988471826495829,0.08741640349937595
